"786899474148888576","The Northern Collector Water Tunnel will proceed as planned despite the war of words between Cord and  Jubilee.… https://t.co/4H3oi21vRO"
"786899415806119936","RT @LDN: Which station has a secret government entrance? https://t.co/Ge3Kf0E4oY"
"786899385888104448","RT @OzKitsch: Butter stand at the Jubilee Exhibition, Brisbane, 1909
Pic: @slqld https://t.co/xx2Xi7DhTY"
"786899300513116160","Minister Lady bee and Minister Soki Kalwenze in mombasa glory to Jesus󾍘See you at Jubilee Christian Church as we... https://t.co/B8NZjUywXc"
"786899095344611328","Loving his leaving gifts -golden jubilee Events Officer from @johnlewisretail @neilmaccer working t… https://t.co/vnvRtsUUY1"
"786898955091271680","RT @JubileeInsKE: That Friday feeling and that Jubilee Insured feeling are one and the same thing. We help you #LiveFree https://t.co/Exxze…"
"786898760685252608","15th October, 2pm is our FREE entry event for NCT Diamond Jubilee. Two hrs of kids entertainment/food with raffle/cake stall to raise money"
"786898601561690112","DAY 5 - JUBILEE PARISH PILGRIMAGE TO ROME. MASS AT SANTA CROCE IN GERUSALEMME, ST JOHN LATERAN AND SCALA SANCTA. https://t.co/OcCyccXQRH"
"786898515486208000","DAY 5 - JUBILEE PARISH PILGRIMAGE TO ROME. MASS AT SANTA CROCE IN GERUSALEMME, ST JOHN LATERAN AND SCALA SANCTA. https://t.co/9TmjHlmnbf"
"786929215916519424","POEM: “Struck At First Sight” – Sammy Stark https://t.co/49vmrBrPA4 Via #NaijaTunez"
"786929214754689024","POEM: “Struck At First Sight” – Sammy Stark https://t.co/0YCo7kXIay Via #NaijaTunez"
"786929214704398337","@Sammy_Socialite I agree"
"786929212582088708","POEM: “Struck At First Sight” – Sammy Stark https://t.co/HxGQHSWx2W Via #NaijaTunez"
"786929205556621312","POEM: “Struck At First Sight” – Sammy Stark https://t.co/mw54Qx9w9O Via #NaijaTunez"
"786929201718767616","POEM: “Struck At First Sight” – Sammy Stark https://t.co/WavuJGoczM Via #NaijaTunez"
"786929200536039425","POEM: “Struck At First Sight” – Sammy Stark https://t.co/wpYA9sVy6j Via #NaijaTunez"
"786929195767050240","POEM: “Struck At First Sight” – Sammy Stark https://t.co/jeWdEOLKYS Via #NaijaTunez"
"786929193929936896","POEM: “Struck At First Sight” – Sammy Stark https://t.co/v3r0peeXEn Via #NaijaTunez"
"786929192428449792","POEM: “Struck At First Sight” – Sammy Stark https://t.co/ubyfTQnxlE Via #NaijaTunez"
"786929190188625920","POEM: “Struck At First Sight” – Sammy Stark https://t.co/KWaciBnWME Via #NaijaTunez"
"786929188452179971","I rock Kentucky blue on these...."
"786929183821668352","POEM: “Struck At First Sight” – Sammy Stark https://t.co/W9YwAePywX Via #NaijaTunez"
"786929182102085634","POEM: “Struck At First Sight” – Sammy Stark https://t.co/hOQZmubwMU Via #NaijaTunez"
"786929182076903424","Go xTrill Sammy 🔥🔥🔥🔥"
"786929178478190594","POEM: “Struck At First Sight” – Sammy Stark https://t.co/CbC5Q640kK Via #NaijaTunez"
"786929176909533184","POEM: “Struck At First Sight” – Sammy Stark https://t.co/MOD4UZg8me Via #NaijaTunez"
"786929174858522624","RT @TheOITNBFans: Waiting for season 5 like https://t.co/mnNEOYsycJ"
"786929124963131392","RT @Sammy_Sable: MY COLORED BUSH💕😊Thank you to everyone who has bought videos ALL VIDEOS ARE 25%TO50%OFF💕🎉 https://t.co/PmpaTMTOtl I'm comi…"
"786929124086575104","Sammy via instagram. https://t.co/zBCVP9vKWb"
"786925391013376000","Just finished putting my tree up. #jubilee 🎄🎄🎄🎄"
"786910621300322304","RT @contrastophoto: This week portfolio on @Internazionale by @tommasoausili and @CarloGianferro. #Jubilee #pilgrims #rome https://t.co/3E1…"
"786904233941479425","This week portfolio on @Internazionale by @tommasoausili and @CarloGianferro. #Jubilee #pilgrims #rome https://t.co/3E1o5aE1zz"
"786901849810964480","RT @FrWilly: Only nine days left in the #Jubilee Year of Mercy! Let's celebrate God's mercy to us by being merciful to others. https://t.co…"
"786892049907748864","We thank Deepankar.hbl for donating #Blood to Haimavathi in #Star Hospital, #Jubilee Hills on 10/11/2016 #Friends2Support"
"786879793967009792","RT @FrWilly: Only nine days left in the #Jubilee Year of Mercy! Let's celebrate God's mercy to us by being merciful to others. https://t.co…"
"786876495742443525","RT @DollarVigilante: We Are On Verge of Greatest Debt #Jubilee In History #Investing  https://t.co/y895sr8gmR https://t.co/OaonBYHgjw"
"786858123445227520","We Are On Verge of Greatest Debt #Jubilee In History #Investing  https://t.co/Yru4a9YvxV"
"786857592148660224","RT @DollarVigilante: We Are On Verge of Greatest Debt #Jubilee In History #Investing  https://t.co/y895sr8gmR https://t.co/OaonBYHgjw"
"786855387974819840","RT @UoNSustain: @StavrosPouricas - the swans have come for a look #beastsofuon at the @UoNIngLab @UniofNottingham #jubilee campus @UoNCapPr…"
"786848608888979456","Join us with @RealJodieKidd at the #BenchmarkRally on 17 Oct – #Jubilee Place #CanaryWharf https://t.co/FCVdaBg0Ab"
"786848390302863360","RT @DollarVigilante: We Are On Verge of Greatest Debt #Jubilee In History #Investing  https://t.co/y895sr8gmR https://t.co/OaonBYHgjw"
"786836641075703808","Only nine days left in the #Jubilee Year of Mercy! Let's celebrate God's mercy to us by being merciful to others. https://t.co/HOWAbnuNRj"
"786831175872544769","DollarVigilante: We Are On Verge of Greatest Debt #Jubilee In History #Investing  https://t.co/BQyyLV9BO4 https://t.co/9FF5zbHGGW"
"786830502552633344","RT @DollarVigilante: We Are On Verge of Greatest Debt #Jubilee In History #Investing  https://t.co/y895sr8gmR https://t.co/OaonBYHgjw"
"786829773049884672","RT @DollarVigilante: We Are On Verge of Greatest Debt #Jubilee In History #Investing  https://t.co/y895sr8gmR https://t.co/OaonBYHgjw"
"786829288389562372","RT @DollarVigilante: We Are On Verge of Greatest Debt #Jubilee In History #Investing  https://t.co/y895sr8gmR https://t.co/OaonBYHgjw"
"786829027277414400","RT @DollarVigilante: We Are On Verge of Greatest Debt #Jubilee In History #Investing  https://t.co/y895sr8gmR https://t.co/OaonBYHgjw"
"786828444638126084","RT @DollarVigilante: We Are On Verge of Greatest Debt #Jubilee In History #Investing  https://t.co/y895sr8gmR https://t.co/OaonBYHgjw"
"786828246818193408","We Are On Verge of Greatest Debt #Jubilee In History #Investing  https://t.co/y895sr8gmR https://t.co/OaonBYHgjw"
"786931001314377729","I salute yu #KDFDay https://t.co/OcxHgDuOHE"
"786930886491119616","One love..... Come home soonest #KDFDay"
"786930846326456320","RT @zeddyjr: @solo_ambuku Great Insights my brothers; thanks for asking the hard questions. God Bless KDF #KDFDay @gathara"
"786930696463917060","RT @kdfinfo: On this #KDFDAY we honour and commemorate our fallen heroes and extend our gratitude to their families and Kenyans. https://t.…"
"786930629199925248","RT @AyubAbdikadir: We gain comfort because of your continuos selfless defense, may the Almighty help you stand strong #KDFDay https://t.co/…"
"786930610833072128","RT @khadijayule1: Today i want to celebrate our Heroines in @kdfinfo keeping us safe.
Happy #KDFDay https://t.co/64MJ4gn34J"
"786930498279014400","RT @cedrick_shiks: @JochebedLucia @radiomaisha @LyndaOriaso @shugaboyke1 pliz bigup our comrades our boys and girls in uniform the #KDFDay…"
"786930458168786944","RT @LordQevin: The dead soldier’s silence sings our national anthem     #KDFDay"
"786930451684417536","RT @Kevinmunyui: Respect to all soldiers who have lost their live in line of duty while protecting our nation from the enemy #KDFDay #IStan…"
"786930318704013312","RT @Machukah: With Guns, You Can Kill Terrorists.
With Education You Can Kill Terrorism. 
#KDFDay https://t.co/cGY2hDg1o9"
"786930300534284288","RT @papafavour: #KDFDay The soldier above all others prays for peace, for it is the soldier who must suffer and bear the deepest wounds and…"
"786930265788674048","RT @nyalendaphil: Download musc https://t.co/4LJlBUj42b #AtanasiLiveOnK24tv #KDFDay #kuihuriafridayedition #NSECharityTradingDay #IndomieKi…"
"786930169294487554","RT @AyubAbdikadir: We gain comfort because of your continuos selfless defense, may the Almighty help you stand strong #KDFDay https://t.co/…"
"786930071252664320","I'm a KDF also,its only that I do not have that chance to be in uniform. Meanwhile, https://t.co/ZcOgdkCgL7 #KDFDay"
"786930024372957184","All the best our soldiers, I salute u all @Babu_Owino   #KDFDay"
"786930016252784640","RT @kdfinfo: On this #KDFDAY we honour and commemorate our fallen heroes and extend our gratitude to their families and Kenyans. https://t.…"
"786929988020862977","#KDFDay For all those who have made the ultimate sacrifice for us and to their families, we are eternally grateful https://t.co/wmf867tuPc"
"786929981268037632","RT @AyubAbdikadir: We gain comfort because of your continuos selfless defense, may the Almighty help you stand strong #KDFDay https://t.co/…"
"786929935344660480","RT @aricsjoe: Today is #KDFday , to this Brave men and women we salute you.@kdfinfo  #IndomieKibandaskiChallenge https://t.co/9PaRSmYemt"
"786929934514188289","RT @iam_abeta: Retweet if you agree with this form of Justice administered to a thief who robbed a comrade in Maseno University #KDFDay htt…"
"787928933585018880","Incase you missed it this weekend, we can't wait for this to air! #ThePlanetEarthII https://t.co/2ysWYei14N https://t.co/eFtibeY225"
"787928851120697344","RT @sammy: This is what I see when I FaceTime @lelepons from Europe 😂#SheIsAlwaysWorking https://t.co/7HfLr9h6LF"
"787928848553869312","@Hollyy23 sammy is OK when he doesnt steal my socks😂"
"787928834788196352","RT @sammy: This is what I see when I FaceTime @lelepons from Europe 😂#SheIsAlwaysWorking https://t.co/7HfLr9h6LF"
"787928724628987904","RT @sammy: This is what I see when I FaceTime @lelepons from Europe 😂#SheIsAlwaysWorking https://t.co/7HfLr9h6LF"
"787928659080380416","NEW: Take it Easy - 4 page little sloth 7x7 topper, decoupage, blank insert, text insert and 7 tiles, take it Eas… https://t.co/GNL6DjvPOq"
"787928641653071872","@Sammy_349 @XenusLuv damn hot."
"787928524430647296","RT @sammy: Last night @justinbieber absolutely killed it in London @Andrew50Watt @djsnake #PurposeTour https://t.co/m1mkF4LUn4"
"787928502309834752","SAMMY AND ADAM https://t.co/sI4BzCELPk"
"787928446341111808","RT @MissChristyLMG: #Urgent #DeathRow #Little #Ebony #Girl #Cat #Sammy is #Young &amp; #Scared@#HighKillShelter but #Tolerates #Petting&amp; #Atten…"
"787928425025593344","RT @URGENTPODR: SAMMY - A1092735 
 ***TO BE DESTROYED 10/17/16 *** SHY SAMMY IS SCARED…..SAMMY is a little ebony girl ... https://t.co/oPJN…"
"787928212143796224","@DimaTattan i'll join ^^"
"787928103226146816","@Sammy_Goal He is a king, jst few minutes, bang! into the net"
"787928037832597504","RT @sammy: This is what I see when I FaceTime @lelepons from Europe 😂#SheIsAlwaysWorking https://t.co/7HfLr9h6LF"
"787927887903125505","#radio #moscow #boogie
Sammy Price - The Swiss Boogie 
https://t.co/wyGIQpz6t9
Boogie Woogie Swing &amp; Rock'N'Roll 24/7"
"787927844366065668","RT @sammy: Last night @justinbieber absolutely killed it in London @Andrew50Watt @djsnake #PurposeTour https://t.co/m1mkF4LUn4"
"787927759393660928","@Sammy_349 @Sammyy02K  hottie"
"787927698723057665","RT @cw_spn: Will Sammy be saved in time? Thanks for watching #Supernatural! https://t.co/bh3WT6HYX7"
"787927660139872257","@LindoMyeni You're welcome"
"787927620197478400","RT @sammy: This is what I see when I FaceTime @lelepons from Europe 😂#SheIsAlwaysWorking https://t.co/7HfLr9h6LF"
"787927862921818112","Its very sad my country being Milked down while we are watching,God help kenya@philip Etale.
#Jubilee lies"
"787927770634465281","RT @GhekoLishous: #Oluoch4Mathare
#PoliceBrutality - arrest you and slap one of two things on you
#Terrorism
#Bhangi
Priss #Jubilee
It's be…"
"787927384305655808","RT @GhekoLishous: #Oluoch4Mathare
#PoliceBrutality - arrest you and slap one of two things on you
#Terrorism
#Bhangi
Priss #Jubilee
It's be…"
"787919496468201477","RT @GhekoLishous: #Oluoch4Mathare
#PoliceBrutality - arrest you and slap one of two things on you
#Terrorism
#Bhangi
Priss #Jubilee
It's be…"
"787919319367909376","#Oluoch4Mathare
#PoliceBrutality - arrest you and slap one of two things on you
#Terrorism
#Bhangi
Priss #Jubilee
I… https://t.co/LK1gPPwmGj"
"787896629525377024","#Jubilee heavy #borrowing pushes #Kenya's foreign #debt to Sh3.2 trillion
Read more at: https://t.co/Zkvz9OmdBX"
"787886147213090816","Free indeed!🙌😩 #jubilee add us on the snap for more exclusive footage! @umassdchoir #travisgreene https://t.co/9R8vGieWJX"
"787820896882790401","RT @Troop474: TV time for some of the Troop. #SPL #hollywood #jubilee https://t.co/oevIGLEl9D"
"787812860541886464","TV time for some of the Troop. #SPL #hollywood #jubilee https://t.co/oevIGLEl9D"
"787782531504451584","That's a wrap everyone! Thanks for epic double feature! #Spookeasy #Cherpocalypse #DoubleFeature #Jubilee… https://t.co/WnQ0EIDqFD"
"787772285344178177","RT @canadiansoprano: The #TowerofLondon #ravens striking a pose! Bigger than I thought &amp; so pretty! Such a great visit! #Jubilee #Munin #Lo…"
"787769990132871168","#ICEJ Live Streaming | Feast of #Tabernacles https://t.co/bsuSwESdJf @ICEJofficial #5777 #Jubilee 2017"
"787764368557613058","RT @Comicbook_Norm: Comicbooknorm facts 
#jubilee #wolverine #xmen #side #kick #marvelcomics #marvel #comics #comic #comicbooks #comicbookn…"
"787740250139484161","RT @Comicbook_Norm: Comicbooknorm facts 
#jubilee #wolverine #xmen #side #kick #marvelcomics #marvel #comics #comic #comicbooks #comicbookn…"
"787739689197441024","RT @Comicbook_Norm: Comicbooknorm facts 
#jubilee #wolverine #xmen #side #kick #marvelcomics #marvel #comics #comic #comicbooks #comicbookn…"
"787736484786778113","Comicbooknorm facts 
#jubilee #wolverine #xmen #side #kick #marvelcomics #marvel #comics #comic #comicbooks… https://t.co/PQMU1iD1QU"
"787724705528745984","@ntvkenya @larrymadowo how funny it is that all the annointed are #jubilee members,obviously it is not a random pick"
"787707046435037185","Celebrating #Spookeasy #Cherpocalypse #DoubleFeature #Jubilee after glow! @ First Watch - Westport https://t.co/A918m7QdJ3"
"787691373814222848","#pieta #michelangelo #vatikan #rome #italy #jubilee #pilgrimage2016 #sculpture @ Vatican City https://t.co/mOKmYrzYHK"
"787686407875821569","#TukoPamoja of #jubilee embraced by KQ including cartels and thieves #ArrestKQThieves"
"788299539308568576","RT @john: @Brentweinstein I take back every good thing I said about you to @sammy and @rudymancuso last night... #ucla"
"788299494601424896","RT @OfficialBWFC: 🎥 By popular demand, watch back Sammy Ameobi's incredible rabona pass against @OfficialOAFC! Highlights » https://t.co/Eh…"
"788299454357078016","RT @john: Friday night w/ @maiamitchell, @sammy, @jazmynbieber and @lelepons https://t.co/zKiwILOUrg"
"788299429241561088","RT @john: @rrhoover how about the #1 video creators on SF? @sammy @rudymancuso @shots @nickjiang88"
"788299384882593792","RT @YonhapNews: (LEAD) Samsung to pay full compensation to suppliers of Note 7 parts https://t.co/ABALIbzqF6"
"788299243479928832","Thrillerz – Comot Ur Leg (Prod. Hycent): This two young talented brothers with stage name “Thrillerz”  whose ... https://t.co/myioFaniPI"
"788299133484404736","buquet1000 : RT HottestHunnies: Sammy Braddy https://t.co/NM6OgstYmu (via Twitter https://t.co/mnSaPR251B) https://t.co/zC1YmZV2Yx"
"788299120616280064","Trill Sammy 🎧🤘🏽🔥"
"788299042677743616","RT @john: car rides and meetings w/ @sammy and @lelepons https://t.co/hsl9N94YGm"
"788299004429889537","@Sammy_349 @BADDBABEZ so hot"
"788298972297388032","@opeoluway2k @jag_bros @cream_sammy exactly what is wrong in nig...our leaders are not responsible for their failures... Who is?"
"788298825618362368","RT @TomTaylorMade: #TheDeep is about a family of daring aquanauts who live on a submarine. Comics coming January. Our TV series is already…"
"788298820887121920","RT @john: Life is stressful if you make it stressful - @sammy the philosopher"
"788298804676157440","Would of gone for James Graham personally, still Sammy B isn't a bad leader is he 👀 https://t.co/KCp4kN3Lai"
"788298761948672000","RT @HottestHunnies: Sammy Braddy https://t.co/gsgrb5qwCL"
"788298699818561536","Tag trill sammy #icealert dirty_glove_bastard's video https://t.co/N4PGlHc6vQ"
"788298675604840448","At about 1:00 P.M. October 18, 2016, PO3 Sammy Sionicio, Operations PNCO of this station under direct supervision... https://t.co/T19egaCLCx"
"788298642381803521","RT @Ntiana_: José gathered balls to bench Rooney now he needs extra balls to bench Zlatan."
"788298628519649280","My relationship is longer!! Slay wena Girl! @bonang_m @JjSesing @Naked_Dj #AskAMan"
"788298600103178240","I entered the £20 lottery to win front row tickets for NO MAN'S LAND on @TodayTixUK! Enter: https://t.co/yxLxXioIUv"
"788299629343408128","RT @HottestHunnies: Sammy Braddy https://t.co/gsgrb5qwCL"
"788299908432457728","RT @Business_Korea: Samsung Electronics Launches Gaming Monitor with Much Faster Response Time https://t.co/FGy8z93duy"
"788299861539954689","RT @KypreeAF: today is the only day you can retweet this https://t.co/t6c4I8fTCY"
"788299831735353344","Darren Sammy has never owned a pet. FACT. https://t.co/RT5AwbjLnk https://t.co/fKG6MwJSmv"
"788299771920408576","RT @ReutersTech: Samsung says to invest $296 million to expand India plant https://t.co/AaXL7cf8kk"
"788307674429591552","And today in the #otherbuilding #coaching with our #lovely #emma #weloveourpeople #develop… … https://t.co/bfWNi9PlT6"
"788307445592403968","RT @thechook30: I would hope that no @HawthornFC supporter will ever boo Sammy or @JordanLewisO3 - absolute champions and servants. #always…"
"788307249345155072","RT @souljaboy: God is great."
"788307231402000384","RT WilliamEdHarvey: Hey rrhoover Finlay launched something on ProductHunt Would love thoughts on our iMessage stic… https://t.co/2GsiS7Y1oc"
"788307229489364992","RT swarms_: Simpsons Cardboard: The Simpsons and Google #VR project: fun but not intuitive enough to me https://t.co/9mCeYP7tQO via produc…"
"788307226846953472","RT ProductHuntGIF: Writefull for Mac: A spectacular writing tool that will help you write better 💻 📝✨ … https://t.co/YEpk6pv5oC"
"788307226150707200","RT @sivanmybby: 32. Sammy? Not Sammy :(( https://t.co/SGIQ0xfjnY"
"788307215870529536","working with one similar with Sam!! Should I also put the impala right? It's Deans first love...but it's Sammy's home too? right?  help haha"
"788307212263231488","Sammy so cute"
"788307152955961345","@sammy_West12 If you have been waiting for the arrival of automatic Binary trading, now is your moment. Click to get started @Mikhaylik93"
"788306988019044353","RT @Pretty_Moneey: Who cares about others opinions ? I don't."
"788306875741671424","RT @ImTheQueen_16: 7 needs to hurry up and get here. 😞😴"
"788306843466555393","RT @rabeannie1993: Hyuk : *read out the wordS* F UCKING YOUNG (😂)
Hongbin: YOO HIPHOP 😁😁 https://t.co/x2TlsTH30O"
"788306813506637824","Earlier #workout lego🏃🏾💨💦💪🏾… https://t.co/pAMRCIVoGf"
"788306763330293760","@NiallOfficial morning sunshine😜"
"788306726583808001","RT @empireofthekop: Mourinho telling journos his #MUFC analyst recorded it as 42% possession! 😂😂😂 #josementality https://t.co/AoXr6DzbZy"
"788306657751162884","RT @empireofthekop: How did you work that one out, Jose? 

https://t.co/0Cfb3xMCX0"
"788306594257891328","RT @sammyshope: Update: Happy Tails, Akela - He was here for just a moment, and then he was gone!  Akela has left Sammy's Hope!... https://…"
"788306408274034688","New Firmware for SM-J500F / THR / J500FXXU1BPH1 (6.0.1) / Buid Date: 12.08.2016"
"788306135673634816","NEW: The Dove - 6 page 7x7 sympathy topper, decoupage, blank insert, text insert, 2 8x8 papers and 6 tiles With S… https://t.co/1OjKHXUoh1"
"788307930042863616","RT @WrestleCircus: Last night @SammyGuevara locked up with #WWE's ""Premiere Athlete"" @TonyNese

Follow Sammy's journey + match clips: 
http…"
"788307793967210496","RT @nigeltpatel: Black feminist twerking on police cars is everything I need in life #FeesMustFall #thepersonalispolitical https://t.co/SnG…"
"788308158141706240","RT @__Martiinezz: So I'm guessing Sammy got your phone 😂😂😂😂 https://t.co/Uo0o3Jo7UX"
"788308124205666304","So I'm guessing Sammy got your phone 😂😂😂😂 https://t.co/Uo0o3Jo7UX"
"788308020589580288","I DONT WANT UR BITCH"
"788308304011354112","RT @DamnRealPosts: Not everyone you lose is a loss."
"788308665644228608","NEW: If Heaven Wasn't so Far Away... - 5 page 7x7 Sympathy/Thinking of You topper, decoupage, blank insert, 2 tex… https://t.co/kWT64kYDHq"
"788308503190446080","RT @FeesMustFallWC: BREAKING NEWS:

Four UCT cadres who were arrested an hour ago have been released without any charges. Indeed, u can't i…"
"788308501965729792","soo poorly"
"788309668380672000","RT @nishet: Trade &amp; Investment Flows demonstrate the increasing share of Developing Countries making #LACAfrica2016 a Springboard to enhanc…"
"788309646708731908","RT @nishet: .@LACAfricaSummit ""Bridging Trade Ties "" a premier event to synergise Latin America Caribbean &amp; African Investors"
"788309637225451520","RT @MPyusufhassan: Great Broadcasters: Worked with Sammy Lui &amp; Njoroge Mwaura aka Peter Njoroge at the VOK/KBC &amp; John Sibi-Okumu at the BBC…"
"788309625758183424","RT @nishet: The Panel for #LACAfrica2016 Media Conference happening now @InterConNairobi https://t.co/vQnlFHcKV2"
"788309518828597248","#BillsMafia #Bills #BuffaloBills Sal: Looks like Sammy may not come back this year #GoBills https://t.co/5tZ7BJoKhd"
"788309126023639040","it's too early to hear about Sammy necking a dirty pint full of piss"
"788309108508200960","https://t.co/jh4t2jVGrP &lt;-download Train Masturbation #boob #bokep #ngentot #xxx"
"788309038186524672","@SammyMeasom Hi Sammy, can you please DM your booking reference or car registration."
"788308938030743552","gotta get the bus to kingsholm to get a key from mums work, just to go home and get into bed😩😩"
"788308819680034816","Sammy O'banion - Dr Feelgood #nowplaying #beachmusic"
"788308802391142400","RT @mishdad: is it thursday yet
i need my baby sammy to be safe i need his mom his brother and his friend to rescue him i nEED HIM TO BE WI…"
"788308736569905152","RT @HottestHunnies: Sammy Braddy https://t.co/gsgrb5qwCL"
"788310975774457860","RT @srijandeep: @PedestrianPoet If Die Hard was MUFC, it'd be 90 minutes of Bruce Willis hiding in a cupboard, then applauding himself for…"
"788310955948138496","RT ProductHuntGIF: Twyla: Connecting you to exclusive works from top artists 🎨https://t.co/JygDO4OLGd https://t.co/P5HRPmXn19"
"788310810548404224","@sam_johnson69 thank u sammy J xx"
"788310760237568000","With AndiRianto and Sammy at Studio 8 [pic] — https://t.co/yb2n97HYXw"
"788310658865659904","RT @KianLawley: well... we r not sneaky at all trying to break into sammy's bedroom. #ShovelBuddies 👏🏽😹"
"788310260645826560","RT @SomethinAboutMJ: Marilyn Monroe &amp; Sammy Davis Jr. #SHOOK 😍 greatness !! https://t.co/gDMz0xCpcI"
"788310259072991232","RT @HottestHunnies: Sammy Braddy https://t.co/gsgrb5qwCL"
"788310198310043648","RT @VinieO: Sammy Lui went on to become the official Presidential MC aka State Functions Master of Ceremonies for the republic of Kenya."
"788310097764245504","RT @MPyusufhassan: Great Broadcasters: Worked with Sammy Lui &amp; Njoroge Mwaura aka Peter Njoroge at the VOK/KBC &amp; John Sibi-Okumu at the BBC…"
"788310023478927360","Command &amp; Conquer Ltd., Westwood Studios, Inc., Sammy Entertainment Inc., Interplay Productions, Inc., Interplay Productions Ltd."
"788309973843468288","RT @CDO_Emma_Scott: First session done @thomrothcol for #restartaheart day @HelsCFRs32 @Sammy_jo_0901 @YASCFR https://t.co/j4HflqLpN8"
"788309926321987584","RT @MPyusufhassan: Great Broadcasters: Worked with Sammy Lui &amp; Njoroge Mwaura aka Peter Njoroge at the VOK/KBC &amp; John Sibi-Okumu at the BBC…"
"788309786030968832","RT @nishet: Bilateral Relationships for Win-Win Business @LACAfricaSummit #LACAFRICA2016"
"788309768008073216","RT @nishet: The Economic Giants of South America Argentina, Brazil, Columbia &amp; Chile will be participating in @LACAfricaSummit"
"788309760894435328","salesforce: As our companies and processes become more tech driven than ever, there's one question we should all b… https://t.co/TAVYQB32H8"
"788309750517604352","RT @nishet: .@andolarosie identifies focus sectors #LACAfrica2016 : Finance,Infrastructure, Manufacturing,F&amp;B,Agribusiness Infrastructure,…"
"788309734889705472","2014 BOWMAN CHROME- BOWMAN'S BEST DIE-CUT REFRACTOR SAMMY WATKINS RC # BB-SW https://t.co/VDXssZ93ji Wide Receiver https://t.co/DCWtuUHiJw"
"788309726379597825","RT @nishet: Africa is not Tomorrow it is Today @LACAfricaSummit #LACAfrica2016"
"788309685459881984","RT @nishet: The real opportunities lie in the South-South dialogues facilitated by @LACAfricaSummit"
"788318263159562240","#VanHalen Van Halen (Sammy Hagar) 1987 Smash Hits Trading Card - RARE ITALY Card https://t.co/mkKeIyAVZj #Rock #Band"
"788318100814983168","my sister is watching the mako show congrats sammy"
"788318035148935168","Sammy Hagar MAS TEQUILA  The Best Rock Ever Made! Listen now. https://t.co/UYkYP7AQWp"
"788317933479006208","https://t.co/jh4t2jVGrP &lt;-Blowjob Skill #boob #bokep #ngentot #xxx"
"788317891636658180","RT @HottestHunnies: Sammy Braddy https://t.co/gsgrb5qwCL"
"788317841518915585","RT @Ashgraymusic: ASH GRAY AND COUCH FIRE! Rock again with some real @TXMusicMatters @washingtonsheff with @johnny__griff-bass &amp; Sammy/drum…"
"788317779090874368","Don't think I can handle Sammy at my college he would be too nippy"
"788317778709282816","New Firmware for SM-J500F / TGY / J500FZHU1API2 (5.1.1) / Buid Date: 12.09.2016"
"788317658357886976","RT @oderekoko: @cream_sammy @jag_bros 2. Is NJC a court? Are they not similar to NMA for doctors. For me NJC's maximum penalty is dismissal…"
"788317481991413760","HEAVEN (Candleight Mix)
DJ Sammy / Yanou / Do
10/18/2016
04:00:00"
"788317207608561664","RT @news_rhcp: And thanks to Sammy who's rocking that bass on Go Robot🤘🏻🤘🏻 https://t.co/3IGKoLr76M"
"788317201929560064","@themaholupper He bought a sammy. Thanks for nothing @TheChameleon84"
"788317119423197185","Sammy Hagar Performs Theres Only One Way To Rock | https://t.co/5rUxnPTqWF | #MetalthemedFacebook https://t.co/8hE8YxyRBK"
"788317030411739137","RT @Dreamboat_LEO: JAMBANGEE 2016 AW Campaign #빅스 #VIXX @RealVIXX https://t.co/VM8vOP4F35"
"788316798794039296","Downtown restaurant Sammy T's to close this weekend https://t.co/DPSLUpX9C0"
"788316791927779328","11.“Ten million dollars after I’d become a star I was deeply in debt.”-Sammy Davis, Jr."
"788316746058911745","Sammy Davis Jr. https://t.co/MIVWA805jh"
"788316734524628992","Sammy Nyakeyo is now following me on Twitter! https://t.co/oqW1T2dpU8 thank you for #folloback #followme #ajtaczek #followback #follow"
"788316694221651968","@cream_sammy unfortunately, NJC process is slow &amp; we live in a world of ""deliverables"", ""KPIs"", ""Quick fixes"" and ""wuru wuru to the answer"""
"788316649573093376","RT @ke8th_lfc: @monkey_sponge Tony pullis must be smiling 😊 at the moment."
"788318477585096705","RT @CDO_Emma_Scott: First session done @thomrothcol for #restartaheart day @HelsCFRs32 @Sammy_jo_0901 @YASCFR https://t.co/j4HflqLpN8"
"788318403484344320","Glamour_Elite : RT HottestHunnies: Sammy Braddy https://t.co/NM6OgstYmu (via Twitter https://t.co/bwtV1gcyoE) https://t.co/4spiXy3oCq"
"788318358194102272","Sammy Watkins 2014 National Treasures Colossal #Jersey Auto 41/99 Autograph https://t.co/awB6Oqf2tH Wide Receiver https://t.co/ikukcQRhti"
"788319645090525184","RT @Dreamboat_LEO: 2016 AW PONY #VIXX #빅스 https://t.co/xZyDMtfBEd https://t.co/4fLW29kerA https://t.co/hBQ9iK0dig"
"788319624270057472","RT @SammyWilkBR: Sammy no snapchat da Stassie : https://t.co/x4wJNtca1R"
"788319587750338560","NowPlaying Lose-My-Mind-Sammy-Love-Remix - Lose-My-Mind-Sammy-Love-Remix https://t.co/jEA3entUyD 05:03"
"788319583761526784","Messi, Suarez and Neymar stroll out together for Barca training - with maybe a little bit of bonus narration from… https://t.co/7MmFeG2XsM"
"788319541210259456","RT @lyns_22: Happy birthday sammy 💛💚💜 https://t.co/x8G61OOlup"
"788319446146256896","RT @empireofthekop: Tweet of the night. https://t.co/IuxEnk7kRD"
"788319379247271936","RT @skinnytoldem: She my lil rida she my lil partna @Sammy_349 😈😈🙏🏽 https://t.co/XU6oZExTI2"
"788319303145631744","HEAVEN (Candleight Mix)
DJ Sammy / Yanou / Do
10/18/2016
04:02:22"
"788319237374898176","RT @BlueRoomHat: THE OVO SAMMY SOSA BIRTHDAY TOUR
Wed 18 Oct 2018

Sammy Sosa (Host)
Lemi Loco
CubiqueDj
Junior… https://t.co/Xt8kaD6YQb"
"788318880427114497","RT @skinnytoldem: She my lil rida she my lil partna @Sammy_349 😈😈🙏🏽 https://t.co/XU6oZExTI2"
"788318826479878144","Sammy Porter - How You Feel ft. Jessica Agombar Est1987 Remix #FREEDOWNLOAD https://t.co/E6wqXYjGc7 #HouseMusic #VocalHouse"
"788318791709057024","Your current wanderlust has an uplifting effect on your entire... More for Aries https://t.co/Am5yd4wZso"
"788318762202230784","RT @RapSpotlights: Trill Sammy got his chain snatched 😂 https://t.co/RRlrEekRxq"
"788318738944786432","SPECIAL OFFER: Friends at Christmas#5 - cute design for those special friends and family graphics Nitwit Collecti… https://t.co/WD696WJydU"
"788318646464634881","I'm at Sammy's Express Pizza in Shopping La Rural https://t.co/R7OanBP51Q"
"788318620317261824","RT @pieterseyo: sammy while emison are making sexual contact https://t.co/ukc2sAgdJW"
"788321477015855104","Listen to OOOUUU FREESTYLE - YUNG SAMMY x DAREALZO by Yung Sammy #np on #SoundCloud https://t.co/T3fv7nztHX"
"788321466106470400","RT @RapSpotlights: Trill Sammy got his chain snatched 😂 https://t.co/RRlrEekRxq"
"788321453716504576","A new favorite: Sharam Jey, Sammy W &amp; Alex E - SWAG! (Destructo &amp; Bot Remix) by @destructohard https://t.co/lLCR1ETfo2 on #SoundCloud"
"788321372414025728","one person followed me and one person unfollowed me // automatically checked by https://t.co/MreIMyBojT"
"788321355951382529","I liked a @YouTube video from @ashybines https://t.co/ugltcLDfZz Simple Smokey (red) Eye With Sammy Leo and Ashy Bines"
"788321232429154304","SPECIAL OFFER: 3d Lattice Effect 8x8 Grunged Papers Light - These papers also print out beautifully as A4 Use as … https://t.co/6LWv0YyjB3"
"788321183477276673","happy birthday to my least favorite💓 love u sammy🎉🎈 https://t.co/u6ZKdz3UJi"
"788321157795684352","RT @_milliechalk: 'Kate you took textiles, what are jeans made of' Sammy Waite 2016"
"788321142218059776","RT @BleacherReport: Sammy Two Gloves?

Fox seemed to photoshop Sam Bradford’s head onto Teddy Bridgewater’s body 🤔  https://t.co/Uzmyi5mnv7…"
"788321075495104512","RT @NiallOfficial: Morning"
"788321014614781952","NETATMO Healthy Home Coach: The smart indoor climate monitor https://t.co/yA1B6Ktsxn https://t.co/miYc659FES"
"788320942674051072","RT @FemaleTexts: THIS IS THE COOLEST THING EVER https://t.co/RKPS2bypvq"
"788320870108463104","RT @shaysIove: can sammy work her magic again and have shay upload the audition tapes next week? we've only been waiting three months"
"788320821035077632","RT @LHMTV: Sammy Porter - How You Feel ft. Jessica Agombar Est1987 Remix #FREEDOWNLOAD https://t.co/E6wqXYjGc7 #HouseMusic #VocalHouse"
"788320747152216064","RT @HottestHunnies: Sammy Braddy https://t.co/gsgrb5qwCL"
"788320741045436416","RT @_milliechalk: 'Kate you took textiles, what are jeans made of' Sammy Waite 2016"
"788320621948243968","RT @_milliechalk: 'Kate you took textiles, what are jeans made of' Sammy Waite 2016"
"788320598611136512","@jord0pe yes omg 😂😂😂😂"
"788276025436274688","RT @KenyanTraffic: 12:34 Happy #KDFDay to the men and women who protct us so that we enjoy the many rights and freedom https://t.co/0uEh6YW…"
"788274868517277696","RT @Indepthresearch: Are you a manager in an organisation? Learn how make well designed reports this #KDFDay https://t.co/hHuI61Nxlg #Train…"
"788236135344459776","RT @kdfinfo: On this #KDFDAY we honour and commemorate our fallen heroes and extend our gratitude to their families and Kenyans. https://t.…"
"788235538889224192","RT @MarketerManuela: #KDFDay May God Bless our KDF Soldiers who have devoted their lives to defend our country Please Retweet this photo ht…"
"788127791841681410","RT @kdfinfo: #KDFDAY is a day to remember our gallant soldiers for their selfless service in defending &amp; protecting our republic. https://t…"
"788127654247534595","RT @KuriaMapesa: KDF has shed off its tag of #CareerMillitary to become one of the greatest Millitaries in Africa.  #KDFDay https://t.co/ux…"
"788127569983963136","RT @Babu_Owino: In solidarity with everyone who took his/her time to celebrate and appreciate our soldiers today. Viva KDF! #KDFDay"
"788016485893627904","RT @kdfinfo: On this #KDFDAY we honour and commemorate our fallen heroes and extend our gratitude to their families and Kenyans. https://t.…"
"787987200495476736","RT @RuthMutegi: #IStandWithKDF, any time, any where, under every circumstance, ALL the time! #KDFDay"
"787979319842865152","RT @solo_ambuku: @KTNKenya Absolutely, Ugali stratagem Operation Linda Nchi is obsolete. We expected #Somali pull-out during #KDFDay! https…"
"787944000745574400","RT @ayt_org: On this #KDFDay we are in Harare, Zimbabwe with @NAYOZimbabwe undertaking a CSO training on Devlpment Effectiveness. We salute…"
"787938443716358144","RT @_UpdateKE: Top Ten Cities in The World With Worst Traffic Snarl Up, Nairobi at Nine https://t.co/EcwAPR3mWM #KDFDay"
"787928784083255296","Just wondering if any Kenyan journalist or media house has questioned why the Commander in Chief was away during the #KDFDay. JUST thinking"
"787918908552601600","RT @kdfinfo: On this #KDFDAY we honour and commemorate our fallen heroes and extend our gratitude to their families and Kenyans. https://t.…"
"787918870325628928","RT @kdfinfo: #KDFDAY is a day to remember our gallant soldiers for their selfless service in defending &amp; protecting our republic. https://t…"
"787908317737807872","RT @NMaalim: 10 Engineers Battalion all day eeeeeeeeeryday! #KDFDay https://t.co/ANNBIW2lnw"
"787896409823514624","RT @solo_ambuku: @KTNKenya Absolutely, Ugali stratagem Operation Linda Nchi is obsolete. We expected #Somali pull-out during #KDFDay! https…"
"787895206674825216","RT @solo_ambuku: @KTNKenya Absolutely, Ugali stratagem Operation Linda Nchi is obsolete. We expected #Somali pull-out during #KDFDay! https…"
"787886982252883969","RT @nuriabookstore: #KDFDay We Salute Of Fallen Heroes,Let God Fight your Battles By @JoyceMeyer  Available Here https://t.co/TwsLQL9PyX #N…"
"787883491195248640","@KTNKenya Absolutely, Ugali stratagem Operation Linda Nchi is obsolete. We expected #Somali pull-out during #KDFDay! https://t.co/U9pJwR8Lo4"
"788320647416012800","RT @BeautiqueDining: Celebrate a Belated #Birthday #Jubilee , Victor dE SOUZA ,Special Birthday Celebration at @BeautiqueDining https://t.c…"
"788282108859080705","@RobertAlai has become a frequent State House guest.... #Jubilee govt. is clearly engaging everyone/welcome onboard… https://t.co/p72mYsPo5g"
"788270726793072640","What happened here. #jubilee https://t.co/fNKxI55DWn"
"788252567885193216","Celebrate a Belated #Birthday #Jubilee , Victor dE SOUZA ,Special Birthday Celebration at @BeautiqueDining https://t.co/DsOPgF64Ol"
"788246822779252736","Another #Jubilee voter stealing from the Public! https://t.co/I52pBPUSpB"
"788244021130829824","K&amp;Company Jubilee Note and Tag Die cuts for USD5.49 #Collectibles #Militaria #Civil #Jubilee https://t.co/y2sMSbKf3h"
"788239453617852416","RT @DollarVigilante: We Are On Verge of Greatest Debt #Jubilee In History #Investing  https://t.co/y895sr8gmR https://t.co/fMQiqFBMRn"
"788232737920606208","DollarVigilante: We Are On Verge of Greatest Debt #Jubilee In History #Investing  https://t.co/BQyyLV9BO4 https://t.co/psygWBA5ys"
"788232500451667968","We Are On Verge of Greatest Debt #Jubilee In History #Investing  https://t.co/y895sr8gmR https://t.co/fMQiqFBMRn"
"788230418885513216","RT @arlingtonchurch: Fr. Lundberg's mom and dad renewed their vows for their 50th wedding anniversary at the #Marriage #Jubilee Mass on Sun…"
"788221305099325440","RT @arlingtonchurch: Fr. Lundberg's mom and dad renewed their vows for their 50th wedding anniversary at the #Marriage #Jubilee Mass on Sun…"
"788215688615890944","RT @arlingtonchurch: Fr. Lundberg's mom and dad renewed their vows for their 50th wedding anniversary at the #Marriage #Jubilee Mass on Sun…"
"788210800947240960","RT @mtt516: Check out Coastal Pair Lace Swags Lighthouses 60 x 30 #Jubilee #Nautical https://t.co/61RigaFUcf via @eBay"
"788209465929502720","Check out Coastal Pair Lace Swags Lighthouses 60 x 30 #Jubilee #Nautical https://t.co/61RigaFUcf via @eBay"
"788205848275390464","We spoke to #Jubilee of the #Xmen and sparks flew! Plus #RichardHorvitz https://t.co/J7cOIdfVDx #cosplay #marvelcomics #costumes #comicbooks"
"788194002596196352","#westillstandinHUG🌴 j s'all thx to &amp; cuza Him #thxDad #xo.. #jubilee #justus #seeindub #dgu #newplaceoftrust #Yahwehhashelpt #Hesgotourbacks"
"788170857659129857","#jubilee sex pistols having sex with students https://t.co/J4XgLUpmvd"
"788161532395982848","Am i the only one that thought #jubilee was hella cool growing up? But I can't remember what she… https://t.co/6YnSh9WAw7"
"788146232359124992","RT @mtt516: Check out Coastal Pair Lace Swags Lighthouses 60 x 30 #Jubilee #Nautical https://t.co/61RigaXvAP via @eBay"
"788122231230660608","RT @GhekoLishous: #Jubilee
#UhuRuts

'nuff said... https://t.co/7WMlSX4Wii"
"788352725201227777","RT @NiallOfficial: Morning"
"788352696302665729","@cathmackinlay Encouraging young children to try something new, can Sammy help? https://t.co/BGTsFROcBV"
"788352688702496768","RT @girlposts: Adele's boyfriend celebrated their fifth year anniversary by replacing Adele's regular white confetti to love notes he wrote…"
"788352629495570432","@smdsanchez omg Sammy those pics 😭😭😭 I love you so much can't thank u enough for everything HUHU 😘❤️"
"788352592745070593","RT @MarkBassant1: Court marshall carries out a writ of execution at Ian Alleyne's Couva home seizing items after failing to pay in Shaun Sa…"
"788352563007586304","RT @iworshipstaceyp: Stacey vs Sammy Braddy pt 1 
@LoveLucyP @thewilson8518 @pindemusse @KeeleyHazellFan @JamesGlamfan https://t.co/oHmQcWg…"
"788352540622675968","@sammyyburtonn We were only contacted about this on Sunday evening, Sammy?"
"788352529834934272","RT @iworshipstaceyp: Stacey vs Sammy Braddy pt 2 
@LoveLucyP @thewilson8518 @pindemusse @KeeleyHazellFan @JamesGlamfan https://t.co/x3uaTzv…"
"788352485119315969","@Sammy_Socialite Stonecrest"
"788352465137766402","RT @iworshipstaceyp: Stacey vs Sammy Braddy pt 3 
@LoveLucyP @thewilson8518 @pindemusse @KeeleyHazellFan @JamesGlamfan https://t.co/VRir8U6…"
"788352435962150912","#80sHairBands #NP: Sammy Hagar - Your Love Is Driving Me Crazy (82) LISTEN NOW https://t.co/lrvfDEkXZ8"
"788352360795951107","RT @MarkBassant1: Lalla said Ian Alleyne was given enough time to pay Sammy the $600,000 plus in the defamation case @tv6tnt https://t.co/R…"
"788352338276777984","RT @raziiia: Shahid Afridi, Darren Sammy, Misbah, MdAmir currently in Dxb Int Stadium shooting a PSL promo"
"788352337521758208","RT @BLABBERMOUTHNET: PAUL STANLEY, SAMMY HAGAR, PERRY FARRELL Perform At FOO FIGHTERS' Secret Charity Concert https://t.co/tdU6a9NkQi https…"
"788352335969787904","RT @BLABBERMOUTHNET: PAUL STANLEY, SAMMY HAGAR, PERRY FARRELL Perform At FOO FIGHTERS' Secret Charity Concert https://t.co/tdU6a9NkQi https…"
"788352308648239104","Mort Weiss: Mort to Come https://t.co/P9EoiFvxMY"
"788352289383845888","@MagicDonQuan which one"
"788352279082479616","RT @BLABBERMOUTHNET: PAUL STANLEY, SAMMY HAGAR, PERRY FARRELL Perform At FOO FIGHTERS' Secret Charity Concert https://t.co/tdU6a9NkQi https…"
"788352275035086849","@samuelpalin In an ideal world I've have been moving into the Magic Kingdom for good, Sammy. I was so happy there."
"788352239211544576","Check out our brand new 2 Week Feathery Fortnight Tour! 🌴 📷 💚 🐦 🇰🇪  🇰🇪  🇰🇪 

https://t.co/dsldCksNg8

*Photos court… https://t.co/uGp85f6fJt"
"788353003770286080","How to make a concept model https://t.co/siZXOubX2b"
"788352991375990785","2016 Origins Sammy Watkins Green Variation 1/5 SSP EBAY 1/1 https://t.co/NP85xlGH74 Wide Receiver https://t.co/YBZeb4kKAI"
"788352986103676929","I shall let no harm come to you from any place that my eyes can reach…I’ve said a bit too much. Sammy!"
"788352971583086592","PAUL STANLEY, SAMMY HAGAR, PERRY FARRELL Perform At FOO FIGHTERS' Secret Charity Concert https://t.co/NrtsoCmDsY"
"788352915618627584","RT @sammy: Last night @justinbieber absolutely killed it in London @Andrew50Watt @djsnake #PurposeTour https://t.co/m1mkF4LUn4"
"788352906390937601","@AMBSoX @lazermoose @lazer1033 speaking of weird baseball injuries, Sammy Sosa once missed a week because of a violent sneeze"
"788352784936599552","RT @nyceltic: Mob boss Paul Castellano was popped right here by Sammy the Bull Gravano as stepped out from his daily steak lunch. https://t…"
"788353235497123840","RT @Ike58Reese: Setting the tone for the show early! Not going to rip the Eagles all week and be scared of the ""Sammy Sleeves"" led Vikings!…"
"788353225548296192","My shot on the Par 3 13th. Old Papermill land marks visible on the hole. My man Sammy on the… https://t.co/1sw92UVVpP"
"788353186230861825","RT @iworshipstaceyp: Stacey vs Sammy Braddy pt 1 
@LoveLucyP @thewilson8518 @pindemusse @KeeleyHazellFan @JamesGlamfan https://t.co/oHmQcWg…"
"788353140391378944","RT @iworshipstaceyp: Stacey vs Sammy Braddy pt 2 
@LoveLucyP @thewilson8518 @pindemusse @KeeleyHazellFan @JamesGlamfan https://t.co/x3uaTzv…"
"788353126285934592","RT @raziiia: Shahid Afridi, Darren Sammy, Misbah, MdAmir currently in Dxb Int Stadium shooting a PSL promo"
"788353057595789312","RT @BleacherReport: Sammy Two Gloves?

Fox seemed to photoshop Sam Bradford’s head onto Teddy Bridgewater’s body 🤔  https://t.co/Uzmyi5mnv7…"
"788353047680393216","@samcardwell95 happy birthday Sammy! X"
"788362618532687872","Sideways Sammy's City V Oxford Match Preview - Coventry MAD https://t.co/xPbhTHFl8m"
"788362609724645376","RT @HottestHunnies: Sammy Braddy https://t.co/gsgrb5qwCL"
"788362600169955328","Listen to me sing on #Smule: https://t.co/dmx0nqQPaU #SingKaraoke"
"788362582352662528","RT @BLABBERMOUTHNET: PAUL STANLEY, SAMMY HAGAR, PERRY FARRELL Perform At FOO FIGHTERS' Secret Charity Concert https://t.co/tdU6a9NkQi https…"
"788362545065230336","@s4mmi3x happy Tuesday sammy https://t.co/vxKvZhy2LZ"
"788362532041920512","✏️ baronfig have released an ultralight, minimal pencil!

https://t.co/OFEa7ezDXR https://t.co/aidvgfWPOn"
"788362531140018176","RT @RJthaDon89: 32 year old Ryan Lochte was ""just a kid having fun""

59 year old Trump &amp; friends were just ""two teenage boys""

#WhiteBoyMag…"
"788362472906514433","Born #OTD, Motherwell, Scottish footballer, Sammy Black, best known for his time with Plymouth Argyle FC . https://t.co/pKcCTk6xU8"
"788362450882224129","Getting Sammy cuddles when I'm sick is the best 💕"
"788362390102351872","PAUL STANLEY, SAMMY HAGAR, PERRY FARRELL Perform At FOO FIGHTERS' Secret Charity Concert https://t.co/SpAPnCDiev #foofighters"
"788362378912141313","RT @skywalkernewt: always keep fighting sammy 

rm @gravetbh 
cc VOID VALESKA (Vine by @noahfostah) https://t.co/5VqS5b45fv"
"788362344711659520","@smnthjvrcrmnt why sammy? 🙁"
"788362297819496450","RT @NFL: ""[@dajohnson7's] 58-yard touchdown run in the first quarter was patient and punishing.""

6 Takeaways from #MNF: https://t.co/Jn9aj…"
"788362257537245184","RT @R1R2L1X: It's always the one-credit class wilding for respect"
"788362190210404352","RT @AtlantaFalcons: ICYMI: Matt Ryan tied the longest streak of all time by throwing for 200 passing yds in his 45th-straight game. 

📝: ht…"
"788362109562261504","RT @Ike58Reese: Setting the tone for the show early! Not going to rip the Eagles all week and be scared of the ""Sammy Sleeves"" led Vikings!…"
"788362099772710912","RT @iamcardib: I used to hate my hair .I fucking love it now . https://t.co/VgHThba4yQ"
"788362093871427584","RT @Ike58Reese: Setting the tone for the show early! Not going to rip the Eagles all week and be scared of the ""Sammy Sleeves"" led Vikings!…"
"788362051005460480","RT @alldei_nikki: almost commented 👅👅👅 under someone's picture &amp; I don't know them 
My sleep schedule may/may not be making me crazy 🙃"
"788362034580590593","RT @HottestHunnies: Sammy Braddy https://t.co/gsgrb5qwCL"
"788364584818135041","RT @TweetLikeAGirI: 5 Friday's until Thanksgiving &amp; 10 Friday's until Christmas... If that's not something to get you through this Monday,…"
"788364582746263552","RT @GAVlNREACTS: when bae butt dials you and you hear someones voice you don't know https://t.co/I53vb1BCFw"
"788364540761219072","@JalenMuhammad ☹️ better ask google"
"788364516765630464","RT @sammy: Check out @callhimrenny first comedy sketch on YouTube! Welcome to the @Shots Studios family 😊 https://t.co/78YZ0rL1Bc https://t…"
"788364507466854400","I'm getting sick again and iv never been SO PISSED"
"788364417104830464","@bree__lovess @AK_GoBang @Sammy_Socialite they mad cuz she ain't theirs"
"788364383533559808","RT @StaceyPoole1: RT Bed Time with Sammy Braddy  @sammybraddy https://t.co/PyAOHAzWxT @ukcentrefolds https://t.co/uDrgONnWXw"
"788364370942263297","@Sammy_Socialite pics or it didn't happen imo"
"788364345201885184","RT @bree__lovess: @LethalSaint_ @AK_GoBang @Sammy_Socialite it's Girl lmao y'all so slow he been posting her pics"
"788364337824034816","RT @SOCO_Saint: @LethalSaint_ @bree__lovess @AK_GoBang @Sammy_Socialite that's his girl"
"788364329271844865","RT @LethalSaint_: @bree__lovess @AK_GoBang @Sammy_Socialite if she ain't his girl then who's girl is she?"
"788364306085797888","Paul Stanley, Sammy Hagar, and Perry Farrell Join Dave Grohl at Foo Fighter's Charity Concert:… https://t.co/7nC3zxVL8i"
"788364288100474880","RT @sammy: This is what I see when I FaceTime @lelepons from Europe 😂#SheIsAlwaysWorking https://t.co/7HfLr9h6LF"
"788364273433112576","@sammy_roma13 where do you find shit like this"
"788364268580155392","Time to get drunk?
No...it is only… (w/ sammy, Lenny Marlina, &amp; 2 others at The Westin Hotel, Jakarta) [pic] — https://t.co/aDjlX48UoL"
"788364251249475584","RT Bed Time with Sammy Braddy  @sammybraddy https://t.co/PyAOHAzWxT @ukcentrefolds https://t.co/uDrgONnWXw"
"788364193741303808","@sambrown___ love u n miss u sammy xxxxxx"
"788364121951592448","RT @sammy: Back 2 Back hilarious videos today! Great job @lelepons &amp; @anwar!! https://t.co/b1d0Uwyzxc &amp; https://t.co/quGic2JS0D https://t.c…"
"788364099650514945","@LethalSaint_ @AK_GoBang @Sammy_Socialite it's Girl lmao y'all so slow he been posting her pics"
"788364033720188929","RT @leanleeer: My mom is so difficult to deal with but I will give her the world and more"
"788364820051525633","@OzzaWorld is it bad that I think that's good, because most of the bounty is gone :s"
"788364800917200896","23 Expert Articles and Resources for Product Managers:  https://t.co/8uoYvq4guc #prodmgmt #growthhacking https://t.co/RIJxS7xLdh"
"788364798635417600","RT @sshrooms: Move on hoe"
"788364737604190208","RT @AK_GoBang: 😂😂😩😂 oh word? I think we should do a who wore it better &amp; let the good people of this here social media decide. 😌 https://t.…"
"788364692578263040","Sammy Davis Jr. ~ 'The Candy Man' from the album Greatest Songs - Sammy Davis, Jr. [0]"
"788364655475429376","RT @mamigabss: everytime my hair straight it wanna rain😒"
"788364620083843072","@udongein_1 why not imo"
"788364617194016768","RT @GAVlNREACTS: When you went out the night before and feel like shit the next morning but you try to play it off https://t.co/pHveOJw4o8"
"788365034477027328","RT @CDO_Emma_Scott: Biggest group of the day so far @thomrothcol #restartaheart @sammy_jo_0901 @YASCFR @YorksAmbulance @TheBHF https://t.co…"
"788364975819685888","RT @sammy: Last night @justinbieber absolutely killed it in London @Andrew50Watt @djsnake #PurposeTour https://t.co/m1mkF4LUn4"
"788364947440988160","@LethalSaint_ @bree__lovess @AK_GoBang @Sammy_Socialite she claimed him as well what's do hard to believe 😂"
"788364936678375424","RT @pitbulIpics: behold, the terrifying pitbull preparing for attack https://t.co/SWyyFCnjEb"
"788364863949172736","@bree__lovess @LethalSaint_ @Sammy_Socialite I'm just so done with y'all as a whole right now 😂😂😂😩😂😂 lmao"
"788371272870817792","RT @oderekoko: @jag_bros @cream_sammy maybe I should have been a lawyer 😀. All my questions answered here. Thank you and have a nice day al…"
"788371265044307968","RT @GasStationVines: I thought he would donate a dollar 😭😂 https://t.co/tl3zcwFjWB"
"788371204423815168","Music: Sammy Ghostt 'That's Why' @sammyghostt @enew901 https://t.co/MxxxgPdoxn"
"788371191132217345","RT @bIessly: all my sadness turns to anger"
"788371171553185792","RT @compIeted: I knew I matured when I realized every situation doesn't need a reaction, sometimes you just gotta leave people to do the la…"
"788371151965687808","@DocStaples Thing is, Bryant wasn't going to see a of targets w/both Sammy &amp; Hopkins still at Clemson. Just like Thompson &amp; Powell now"
"788371151839956992","@malena_murphy I literally relate to everything you tweet n share 😂😂"
"788371092813467649","RT @Popdiarieslive: .@karanjohar's Heartfelt Message On #AeDilHaiMushkil Controversy https://t.co/3iBK0wrPhy"
"788371091186130944","RT @malena_murphy: Yeah no I can't surround myself around these people 🙄🙄"
"788371058483195904","@Se7enRoyce7 throw the hands"
"788371037062823936","RT @jag_bros: Thank u very much. ... Especially the 4th Page ..... Thats what I was telling @cream_sammy dis morning ... https://t.co/2s1DP…"
"788371023016161280","Str8 facts tho cause I'm one of those 😓 https://t.co/nKzdTz5tzQ"
"788370997833596928","Gotta force Tyrod to beat us w/ the pass..no Sammy...just Clay &amp; imo woods is just average"
"788370909094678528","RT @CNBCWEX: #BlackRock earnings: $5.14 a share vs. expected #EPS of $5 a share https://t.co/0hPsqvlgMz $BLK"
"788370906519396353","RT @alanaacollinss: Honestly dont even know why i get up and do anything anymore"
"788370881710059521","#nowplaying :  DJ Sammy Feat. Carisma - You're My Angel
https://t.co/74EIxcCvTq
#remember #retro #dance #90s"
"788370878421688321","RT @christanka_: I'm such an honest person that I just won't ever understand why niggas loveeee to lie about every little thing"
"788370871773790208","RT @NigeriaNewsdesk: CBN raises BDC exchange rate to N385 per dollar https://t.co/27Ub4045ZR via @todayng https://t.co/GHrU3ATXAh"
"788370828228308992","This isn't for me, but even evil is tempted"
"788370816270475264","@Marky_Fischbach
Jack giggled as he came back up onto the bed with Sam. ""I had to get sammy!"""
"788373153231753216","RT @connoisguano: yeah me too great barrier reef https://t.co/Cf4UWqC2zr"
"788373140015607808","Waterfall is so passé that business at Niagara Falls has dropped off - Sammy Migues on CI/CD."
"788373127600439297","@Sammy_LaCroix how does this happen https://t.co/anjko8l3lA"
"788373070708867072","RT @HottestHunnies: Sammy Braddy https://t.co/gsgrb5qwCL"
"788373053478735872","@sammy_sav at least someone understands lmao"
"788373025922158592","Listening now, missed Sammy's B-day... https://t.co/VxQPz0tJKE"
"788373000835837952","RT @Louisiana5A: Catholic BR vs St. Amant https://t.co/oce5kFLqct"
"788372971815481344","Your current wanderlust has an uplifting effect on your entire... More for Aries https://t.co/fop75TFaLE"
"788372966841004032","@SammiSweetheart good morning sammy"
"788372900332105728","RT @suziebooks: @Action4ASD Encouraging young children to try something new, can Sammy help? https://t.co/ogydPetcKA"
"788372896422825984","Morning moon. @ Palm Springs, California https://t.co/IiERILm9A3"
"788372879268126720","@ms_sammy85 lmbo well damn it , look at you ! Get it Sammy 😂😂"
"788372814772498432","@Marky_Fischbach
Jack giggled as he reached down on the bed and slipped on his briefs and black striped pj pants. ""Yup! Sammy needed help!"""
"788372810443948033","Not the Note Line! Come on Sammy😢😢 https://t.co/lHY5zHVxxZ"
"788372759097335808","RT @meanpIastic: when you get yelled at for wanting attention https://t.co/A31dI2VF0t"
"788372697042579458","RT @Debeelife: While growing up Dean grew Sammy up too. He was his mom, his bro, his friend, his everything. Mary must be so proud of him."
"788372680168902656","Pitchstack: Become an armchair VC and judge the pitches of the day 💸https://t.co/pV9Bg7OuPT https://t.co/xJgNGhc5Uc"
"788372668135247872","@sammy_95 thank you so much!! 😊"
"788372654415683584","Mr Dontan – Change (Prod. Press Keys): Rising Star Music Entertainment presents a sultry Afro ... https://t.co/SuPxAYCZqk (Via @47vibez)"
"788372647163883520","RT @GasStationVines: ARE YOU MAD OR NAHHH  https://t.co/QOcIVIPVYA"
"788373355220971524","@SammyStein111 @cdbaby thank you Sammy!!"
"788373315488456704","RT @JimIvers: Sammy Migues of @cigital is now up talking about software security in CI/CD at the 3016 BSIMM Conference https://t.co/R5YDINg…"
"788373678400606209","RT @news_coventry: Sideways Sammy's City V Oxford Match Preview https://t.co/N9K4kgA5ky #PUSB"
"788373561572413441","@SportsRadioWIP Loss two in a row and come home to a 5-0 Sammy Sleeves? BOO THE SLEEVES OFF OF HIM!!😡"
"788373514562576384","@LOWTI3RGOD @Sammy_349 @RealLifeGoalss lmao right. Tits looking like tear drops"
"788373485362044928","RT @AK_GoBang: Ight I gotta go cook for this man I'll get up with y'all in 30-45 mins. 😘✌🏽"
"788373480857370624","RT @CovsupportNews: Sideways Sammy's City V Oxford Match Preview - Coventry MAD https://t.co/xPbhTHFl8m"
"788373446304665600","Famous Dex x Trill Sammy type beat (2016) Lip (Prod. by @safehousechris &amp; A4damoney) https://t.co/vZ5tAMa4IA"
"788427275893112832","Rule of Law only for the rich and powerful! https://t.co/WVBIe9AIcK"
"788427218376593412","""Whos the biggest shipper? Shay, Sasha or Sammy""
Them ""Marlene""

ME WHAT THE FUCK? IT WASNT THE QUESTION + ITS NOT TRUE"
"788427198722027520","RT @OldBikes: Uncovered and restored by Sammy Miller, this 1928 AJS 632 Four was one of AJS' 4-cylinder prototypes. Photo by Kyoichi Nakamu…"
"788427196624809984","(Continued...)
WR:
Julio
Antonio
OBJ
Nuk
Amari
ARob
AJG
Evans
Alshon
Sammy
Cooks
Dez
Keenan
Landry
TY
DT
Diggs
Marvin
Manny
Jordy
Cobb
CoCo"
"788427166774067200","Pep goes to answer following Q but stops to add: ""If you don't believe me, I know they get on with Bartomeu, maybe they can call him."""
"788427109597220866","RT @Oaklraiders1976: #RaiderNation has heard this before from Dennis allen, hue Jackson, Norv Turner.  Stop talking and do it! https://t.co…"
"788427086956486656","RT @ProFootballTalk: Week Seven Power Rankings, Sammy Bradfridgewater edition https://t.co/lHNo6187B7"
"788427065817112576","RT @iworshipstaceyp: Stacey vs Sammy Braddy pt 2 
@LoveLucyP @thewilson8518 @pindemusse @KeeleyHazellFan @JamesGlamfan https://t.co/x3uaTzv…"
"788427049153146880","#NP Back In Those Days by Sammy on https://t.co/vKcKZp2Jlc https://t.co/OPxFyAzCBZ"
"788427037044125696","Sammy - Back In Those Days: #NP on https://t.co/Md8krtm6tf -"
"788426997718540289","RT @Guptagup14: Me: ""Would you smoke marijuana?""
Mummy: ""Yeah of course when u come back next time we'll have a marijuana party!"""
"788426993872273408","RT @cool_as_heck: Well then what the hell are you waiting for Barry https://t.co/VOvB9KqjWm"
"788426964667207680","RT @Guptagup14: Deddy: ""buy some Jack Daniels in Omaha, just ask someone to get it for u"""
"788426949924270080","RT @Guptagup14: ""I'm having chest congestion""
Deddy: here drink some Jack Daniels
😳😳😳"
"788426936125165568","RT @DesmondCole: .@georgygirl55 @dandycanada I don't have time for small steps. Sammy Yatim should still be alive. Small steps are a disres…"
"788426902352502785","RT @samnanton: Ian Alleyne says the he owes $748,000 after bailiffs seized household assets for failing to pay after Shaun Sammy defamation…"
"788426899462643712","RT @samnanton: Ian Alleyne says the he owes $748,000 after bailiffs seized household assets for failing to pay after Shaun Sammy defamation…"
"788426838066487296","RT bentossell: I'll always enjoy listening to the starting of Airbnb - HowIBuiltThis w/ jgebbia https://t.co/trJ2hdLhtQ"
"788426834862112773","RT jgebbia: How I Built This - Airbnb: Joe Gebbia: A chance encounter with a stranger via ProductHunt https://t.co/trJ2hdLhtQ"
"788426830156066816","RT hunterwalk: Poll: do you think you'll have a piece of technology optionally implanted in your body during your lifetime? Eg ocular enhan…"